model,partition,adulterant,level_pct,identification_acc,pred_mean,abs_err
PLS,42,peanut,4,1.0,7.301690625000001,3.301690625000001
PLS,42,peanut,8,0.9375,12.53640125,4.536401250000002
PLS,42,peanut,12,1.0,15.327159374999997,3.327159374999998
PLS,42,peanut,16,1.0,17.069018125,1.3610118750000009
PLS,42,peanut,20,1.0,21.270452499999998,1.4250799999999995
PLS,42,peanut,24,1.0,24.76971875,1.1093387499999992
PLS,42,peanut,28,1.0,28.558474375,1.004644374999998
PLS,42,peanut,32,1.0,30.17582125,1.8748475000000004
PLS,42,peanut,36,1.0,34.215621875,1.835288124999999
PLS,42,peanut,40,1.0,38.8580625,1.7931937499999995
PLS,42,peanut,44,1.0,41.804668125,2.195331875000001
PLS,42,peanut,48,1.0,47.535003125,1.2849618749999996
PLS,42,peanut,52,1.0,49.334295,2.8730174999999996
PLS,42,peanut,56,1.0,52.6164975,3.3835025
PLS,42,peanut,60,1.0,58.631543750000006,1.5546249999999993
PLS,42,peanut,64,1.0,62.293442352941184,2.058770588235294
PLS,42,peanut,68,1.0,65.68171187499999,2.4379606249999988
PLS,42,peanut,72,1.0,69.93592,2.140539999999997
PLS,42,peanut,76,1.0,74.80914,1.57086125
PLS,42,peanut,80,1.0,80.393240625,2.046976875000002
PLS,42,peanut,84,1.0,85.296310625,1.6519068749999999
PLS,42,peanut,88,1.0,90.46458625,2.5604699999999987
PLS,42,peanut,92,1.0,93.74378437499999,1.7728281249999984
PLS,42,peanut,96,1.0,97.122371875,1.9152856249999992
PLS,42,peanut,100,1.0,100.0,0.0
PLS,42,sunflower,4,1.0,4.839248749999999,1.9318937499999986
PLS,42,sunflower,8,1.0,10.393443124999997,2.4453943749999976
PLS,42,sunflower,12,1.0,18.84016,6.84016
PLS,42,sunflower,16,1.0,17.95960125,2.360249999999999
PLS,42,sunflower,20,1.0,23.367624375,3.3676243749999992
PLS,42,sunflower,24,1.0,25.948293125,2.469555624999999
PLS,42,sunflower,28,1.0,27.26938375,1.4828512499999995
PLS,42,sunflower,32,1.0,30.646527499999998,1.8795800000000007
PLS,42,sunflower,36,1.0,32.469705625,3.5302943750000004
PLS,42,sunflower,40,1.0,40.11894294117648,1.562402941176471
PLS,42,sunflower,44,1.0,41.169445,2.86878375
PLS,42,sunflower,48,1.0,45.620600625,2.5496693749999992
PLS,42,sunflower,52,1.0,48.68393375,3.3160662499999995
PLS,42,sunflower,56,1.0,54.17571625000001,2.0508262499999996
PLS,42,sunflower,60,1.0,60.16600625,1.0798100000000006
PLS,42,sunflower,64,1.0,61.375554375,2.6917381250000005
PLS,42,sunflower,68,1.0,65.88833374999999,2.3586225
PLS,42,sunflower,72,1.0,70.61318125,2.354817500000002
PLS,42,sunflower,76,1.0,75.975655,1.2402012499999975
PLS,42,sunflower,80,1.0,80.249425,1.3179835714285733
PLS,42,sunflower,84,1.0,80.951491875,3.2455293750000003
PLS,42,sunflower,88,1.0,88.82820562500001,3.1716743749999994
PLS,42,sunflower,92,1.0,91.551836875,1.1762931249999982
PLS,42,sunflower,96,1.0,98.62131375,2.7904800000000014
PLS,42,sunflower,100,1.0,99.61045529411764,0.38954470588235196
PLS,43,peanut,4,1.0,7.988125625,3.9881256250000003
PLS,43,peanut,8,1.0,10.895838125,2.9291231249999985
PLS,43,peanut,12,1.0,15.080603125,3.0806031250000006
PLS,43,peanut,16,1.0,17.469041249999997,1.519219999999998
PLS,43,peanut,20,1.0,21.3417375,1.5009587500000015
PLS,43,peanut,24,1.0,24.635185625,0.9395293750000011
PLS,43,peanut,28,1.0,28.332563125,0.9393406249999998
PLS,43,peanut,32,1.0,31.113519375,1.2798256250000009
PLS,43,peanut,36,1.0,34.391471249999995,1.8486012499999989
PLS,43,peanut,40,1.0,39.115044375,1.5623918749999994
PLS,43,peanut,44,1.0,42.038245,1.9617549999999997
PLS,43,peanut,48,1.0,48.086478125,1.4125968749999998
PLS,43,peanut,52,1.0,48.429678124999995,3.5703218750000008
PLS,43,peanut,56,1.0,53.557299375,2.442700625
PLS,43,peanut,60,1.0,59.310793749999995,0.9988725
PLS,43,peanut,64,1.0,63.56038882352941,1.3978323529411758
PLS,43,peanut,68,1.0,66.19892,2.3583425
PLS,43,peanut,72,1.0,70.80355875000001,1.726058749999999
PLS,43,peanut,76,1.0,74.95396875,1.7591449999999993
PLS,43,peanut,80,1.0,80.559590625,1.9342131250000003
PLS,43,peanut,84,1.0,85.664375,2.0604612500000012
PLS,43,peanut,88,1.0,90.937491875,3.008050625
PLS,43,peanut,92,1.0,93.5989825,1.8921400000000013
PLS,43,peanut,96,1.0,97.31769374999999,2.0873599999999985
PLS,43,peanut,100,1.0,100.0,0.0
PLS,43,sunflower,4,0.9375,5.304024999999999,1.8287887499999993
PLS,43,sunflower,8,1.0,10.804301875,2.804301875
PLS,43,sunflower,12,1.0,17.503946,5.503946
PLS,43,sunflower,16,1.0,16.742310625000002,1.8875181250000006
PLS,43,sunflower,20,1.0,22.181175625,2.2994393750000013
PLS,43,sunflower,24,1.0,23.974819375000003,1.5381581250000007
PLS,43,sunflower,28,1.0,28.07051625,1.2850312500000003
PLS,43,sunflower,32,1.0,31.35117125,1.530838750000001
PLS,43,sunflower,36,1.0,34.943960000000004,1.9198474999999995
PLS,43,sunflower,40,1.0,40.05366529411765,1.2886135294117647
PLS,43,sunflower,44,1.0,41.50192125,2.50963375
PLS,43,sunflower,48,1.0,47.2096375,1.765295
PLS,43,sunflower,52,1.0,49.175339375,2.8475393749999998
PLS,43,sunflower,56,1.0,54.37332125,1.7854074999999998
PLS,43,sunflower,60,1.0,60.701873750000004,1.1844075000000003
PLS,43,sunflower,64,1.0,61.390113125,3.096098125
PLS,43,sunflower,68,1.0,66.06801812500001,2.128158124999999
PLS,43,sunflower,72,1.0,70.2484125,2.260894999999998
PLS,43,sunflower,76,1.0,75.52340437500001,1.4613218749999994
PLS,43,sunflower,80,1.0,80.70305642857144,1.4540621428571419
PLS,43,sunflower,84,1.0,81.29467,2.904008750000001
PLS,43,sunflower,88,1.0,88.735866875,3.0107131250000005
PLS,43,sunflower,92,1.0,91.9507725,1.231151249999999
PLS,43,sunflower,96,1.0,98.5858475,2.771333750000001
PLS,43,sunflower,100,1.0,99.6677405882353,0.3322594117647058
PLS,44,peanut,4,1.0,6.698626875,2.6986268750000004
PLS,44,peanut,8,1.0,11.357223125,3.357223125000001
PLS,44,peanut,12,1.0,13.945069375000001,1.9676568750000012
PLS,44,peanut,16,1.0,16.16657375,0.949526249999999
PLS,44,peanut,20,1.0,21.900255,2.0174199999999995
PLS,44,peanut,24,1.0,25.386933125,1.520958124999999
PLS,44,peanut,28,1.0,28.37964875,0.8534149999999991
PLS,44,peanut,32,1.0,30.443106874999998,1.5568931249999993
PLS,44,peanut,36,1.0,33.7928675,2.2071325
PLS,44,peanut,40,1.0,39.755324375,1.638908125
PLS,44,peanut,44,1.0,41.862441875,2.1375581250000013
PLS,44,peanut,48,1.0,48.418524999999995,1.1821437500000007
PLS,44,peanut,52,1.0,48.915516875,3.232851875
PLS,44,peanut,56,1.0,53.3349975,2.6650025
PLS,44,peanut,60,1.0,58.984628125,1.5674081250000005
PLS,44,peanut,64,1.0,62.09266647058823,2.120025294117647
PLS,44,peanut,68,1.0,66.923418125,1.451226874999998
PLS,44,peanut,72,1.0,70.3305125,2.192646250000002
PLS,44,peanut,76,1.0,75.215759375,1.552476875
PLS,44,peanut,80,1.0,81.0742975,2.4663737500000007
PLS,44,peanut,84,1.0,84.81170374999999,1.5135712499999991
PLS,44,peanut,88,1.0,91.1741425,3.1741424999999994
PLS,44,peanut,92,1.0,93.538205,1.658192500000001
PLS,44,peanut,96,1.0,97.33862687499999,2.3508768750000018
PLS,44,peanut,100,1.0,100.0,0.0
PLS,44,sunflower,4,0.9375,7.952801874999999,4.058614374999999
PLS,44,sunflower,8,1.0,10.471720000000001,2.4816350000000016
PLS,44,sunflower,12,1.0,17.455396666666662,5.455396666666666
PLS,44,sunflower,16,1.0,17.775716250000002,2.3298375
PLS,44,sunflower,20,1.0,21.985788125,2.078203125
PLS,44,sunflower,24,1.0,23.83170625,1.6606212499999984
PLS,44,sunflower,28,1.0,28.24530875,1.0673612499999985
PLS,44,sunflower,32,1.0,31.169855,1.5744937500000011
PLS,44,sunflower,36,1.0,34.07879625,2.2800424999999986
PLS,44,sunflower,40,1.0,40.02982000000001,1.435205882352941
PLS,44,sunflower,44,1.0,40.900795625,3.099204375
PLS,44,sunflower,48,1.0,47.30304125,1.523656250000001
PLS,44,sunflower,52,1.0,48.988781875,3.0112181249999996
PLS,44,sunflower,56,1.0,53.878398125000004,2.3306043749999996
PLS,44,sunflower,60,1.0,59.921901250000005,1.2261724999999997
PLS,44,sunflower,64,1.0,62.052183125,2.5274543750000005
PLS,44,sunflower,68,1.0,66.07752875,2.1029537500000006
PLS,44,sunflower,72,1.0,69.90488125,2.7593774999999994
PLS,44,sunflower,76,1.0,75.63938375000001,1.3109149999999987
PLS,44,sunflower,80,1.0,80.66974214285715,1.350790714285713
PLS,44,sunflower,84,1.0,81.82537562499999,2.833461875000002
PLS,44,sunflower,88,1.0,89.81488562499999,3.757725624999999
PLS,44,sunflower,92,1.0,92.1846775,1.2914450000000013
PLS,44,sunflower,96,1.0,98.836529375,2.9759318750000006
PLS,44,sunflower,100,1.0,99.57450529411764,0.42549470588235333
SVM,42,peanut,4,0.9375,9.527320625000002,5.5273206250000015
SVM,42,peanut,8,1.0,15.668498750000001,7.668498750000001
SVM,42,peanut,12,1.0,18.851679375000003,6.851679375000001
SVM,42,peanut,16,1.0,21.453360625,5.453360625
SVM,42,peanut,20,1.0,23.068937499999997,3.0689374999999997
SVM,42,peanut,24,1.0,23.52330625,2.0285224999999985
SVM,42,peanut,28,1.0,26.5140075,1.7152749999999983
SVM,42,peanut,32,1.0,30.198471875000003,2.7893356249999988
SVM,42,peanut,36,1.0,31.35901875,4.64098125
SVM,42,peanut,40,1.0,37.446,2.7792875
SVM,42,peanut,44,1.0,42.550093125000004,1.9258143750000007
SVM,42,peanut,48,1.0,48.132783125,1.261606875000001
SVM,42,peanut,52,1.0,49.06321,3.5114775000000003
SVM,42,peanut,56,1.0,51.873579375000006,4.126420625
SVM,42,peanut,60,1.0,58.1396025,2.3970487499999997
SVM,42,peanut,64,1.0,64.43562117647059,1.821094117647057
SVM,42,peanut,68,1.0,66.41598875,1.6566912500000002
SVM,42,peanut,72,1.0,69.14247375,3.5695650000000008
SVM,42,peanut,76,1.0,76.80484249999999,1.897195
SVM,42,peanut,80,1.0,76.71821625,4.1990799999999995
SVM,42,peanut,84,1.0,76.925079375,7.074920625000002
SVM,42,peanut,88,1.0,86.52782812499998,2.752345625000001
SVM,42,peanut,92,1.0,92.577048125,2.062885624999999
SVM,42,peanut,96,1.0,87.13521250000001,8.864787499999998
SVM,42,peanut,100,1.0,89.00420374999999,10.995796249999998
SVM,42,sunflower,4,1.0,5.641349374999999,2.150246874999999
SVM,42,sunflower,8,0.9375,10.918219375,2.9578156250000003
SVM,42,sunflower,12,0.4,25.156069999999996,13.15607
SVM,42,sunflower,16,1.0,19.18031375,3.551149999999999
SVM,42,sunflower,20,1.0,26.997648749999996,6.997648749999998
SVM,42,sunflower,24,1.0,21.774981875,2.625735625000001
SVM,42,sunflower,28,1.0,27.942399375,1.8691656249999973
SVM,42,sunflower,32,1.0,29.5409675,2.8202387500000023
SVM,42,sunflower,36,1.0,31.475908750000002,4.52409125
SVM,42,sunflower,40,1.0,37.31365588235294,2.8883335294117645
SVM,42,sunflower,44,1.0,44.081598125,1.506904375
SVM,42,sunflower,48,1.0,49.05852125,1.8869199999999995
SVM,42,sunflower,52,1.0,47.216763125,4.824590624999999
SVM,42,sunflower,56,1.0,53.417393125,2.824288125
SVM,42,sunflower,60,1.0,60.482544375,1.7060868749999996
SVM,42,sunflower,64,1.0,63.003698125,2.4830806249999995
SVM,42,sunflower,68,1.0,64.10626375,4.212611250000002
SVM,42,sunflower,72,1.0,70.927274375,2.491151875
SVM,42,sunflower,76,1.0,76.477410625,2.3416081249999996
SVM,42,sunflower,80,1.0,81.68211642857143,3.621013571428572
SVM,42,sunflower,84,1.0,72.771004375,11.228995625000001
SVM,42,sunflower,88,1.0,83.28418875,5.510706249999998
SVM,42,sunflower,92,1.0,87.229375,4.79682375
SVM,42,sunflower,96,1.0,92.624554375,3.5352856249999993
SVM,42,sunflower,100,1.0,91.70673058823529,8.293269411764705
SVM,43,peanut,4,1.0,13.285231875,9.285231875
SVM,43,peanut,8,1.0,15.58220875,7.5822087499999995
SVM,43,peanut,12,1.0,19.5728025,7.572802500000001
SVM,43,peanut,16,0.9375,23.055976875,7.055976875
SVM,43,peanut,20,1.0,23.380711875,3.3807118750000003
SVM,43,peanut,24,1.0,23.370469999999997,2.0420500000000006
SVM,43,peanut,28,1.0,25.97101125,2.158231249999999
SVM,43,peanut,32,1.0,32.89044875,2.3675212500000007
SVM,43,peanut,36,1.0,32.465426875,3.546915624999999
SVM,43,peanut,40,1.0,39.24942125,2.1051425
SVM,43,peanut,44,1.0,42.097038125,2.2943881250000002
SVM,43,peanut,48,1.0,45.65479625,2.91773125
SVM,43,peanut,52,1.0,48.369720625,4.024191875
SVM,43,peanut,56,1.0,54.725790625,1.6747681250000004
SVM,43,peanut,60,1.0,57.897876874999994,2.2680043750000003
SVM,43,peanut,64,1.0,61.38773117647059,2.8387570588235294
SVM,43,peanut,68,1.0,67.826308125,1.811370625
SVM,43,peanut,72,1.0,71.006873125,3.6446256249999998
SVM,43,peanut,76,1.0,77.012211875,2.2893968750000004
SVM,43,peanut,80,1.0,78.997190625,2.9042868749999995
SVM,43,peanut,84,1.0,75.74443000000001,8.255569999999999
SVM,43,peanut,88,1.0,87.366523125,2.8749281249999985
SVM,43,peanut,92,1.0,93.287345,2.248531250000001
SVM,43,peanut,96,1.0,87.46776187500001,8.532238125
SVM,43,peanut,100,1.0,90.066436875,9.933563125
SVM,43,sunflower,4,1.0,5.804943125,2.3519493749999993
SVM,43,sunflower,8,0.875,13.76370625,5.76370625
SVM,43,sunflower,12,0.8,25.303179333333333,13.30317933333333
SVM,43,sunflower,16,1.0,19.776062500000002,3.7760625
SVM,43,sunflower,20,1.0,25.4771775,5.4771775
SVM,43,sunflower,24,1.0,21.76765,2.7464837500000012
SVM,43,sunflower,28,1.0,27.551619375,1.6871631249999988
SVM,43,sunflower,32,1.0,30.041321875,2.5002981250000005
SVM,43,sunflower,36,1.0,32.365145625,3.6348543750000006
SVM,43,sunflower,40,1.0,37.93934176470589,2.2356841176470588
SVM,43,sunflower,44,1.0,43.16507125,2.0559100000000003
SVM,43,sunflower,48,1.0,49.585579374999995,2.285493125
SVM,43,sunflower,52,1.0,50.066860625000004,2.6538143750000005
SVM,43,sunflower,56,1.0,53.57708375,2.5661799999999997
SVM,43,sunflower,60,1.0,61.386553750000004,2.0438175000000007
SVM,43,sunflower,64,1.0,64.213520625,2.3892718749999995
SVM,43,sunflower,68,1.0,61.278699374999995,6.733258125
SVM,43,sunflower,72,1.0,72.99848937499999,2.9978443749999997
SVM,43,sunflower,76,1.0,75.72352999999998,2.4094262499999983
SVM,43,sunflower,80,1.0,80.04003357142857,2.8860835714285704
SVM,43,sunflower,84,1.0,74.129780625,9.870219375
SVM,43,sunflower,88,1.0,78.92943249999999,9.0705675
SVM,43,sunflower,92,1.0,93.48358875,2.8930325000000003
SVM,43,sunflower,96,1.0,90.306030625,5.693969375000001
SVM,43,sunflower,100,1.0,92.55364294117646,7.44635705882353
SVM,44,peanut,4,1.0,7.7944875,3.7944875
SVM,44,peanut,8,1.0,13.729757499999998,5.729757499999999
SVM,44,peanut,12,1.0,16.263240625,4.263240624999999
SVM,44,peanut,16,1.0,23.207904375000002,7.207904375000001
SVM,44,peanut,20,1.0,22.32762,2.4212637499999996
SVM,44,peanut,24,1.0,25.93935125,2.5417187500000002
SVM,44,peanut,28,1.0,26.618699375000006,1.5755543749999985
SVM,44,peanut,32,1.0,31.231735625,1.5915181249999986
SVM,44,peanut,36,1.0,32.033550625000004,3.966449374999998
SVM,44,peanut,40,1.0,39.177115,1.8954600000000004
SVM,44,peanut,44,1.0,42.257925,2.0033349999999994
SVM,44,peanut,48,1.0,47.639248125,1.4747218750000002
SVM,44,peanut,52,1.0,49.937055,3.32683625
SVM,44,peanut,56,1.0,53.572843125,2.4509168750000003
SVM,44,peanut,60,1.0,59.279263125,1.4735456250000003
SVM,44,peanut,64,1.0,63.482732352941184,1.80375
SVM,44,peanut,68,1.0,67.638035625,1.4625756250000022
SVM,44,peanut,72,1.0,70.751316875,4.673679375
SVM,44,peanut,76,1.0,76.36017000000001,2.081054999999999
SVM,44,peanut,80,1.0,81.369196875,3.4476443749999994
SVM,44,peanut,84,1.0,76.446016875,7.5539831249999985
SVM,44,peanut,88,1.0,89.09758,2.0817024999999996
SVM,44,peanut,92,1.0,93.27776250000001,1.7437637500000012
SVM,44,peanut,96,1.0,86.405534375,9.594465625000002
SVM,44,peanut,100,1.0,91.23166749999999,8.768332500000001
SVM,44,sunflower,4,1.0,13.153344375,9.153344375
SVM,44,sunflower,8,0.9375,12.019249375000001,4.019249375000001
SVM,44,sunflower,12,0.4666666666666667,21.862005999999997,9.862006000000001
SVM,44,sunflower,16,1.0,19.636064375,3.658903125
SVM,44,sunflower,20,1.0,26.578631249999997,6.578631249999998
SVM,44,sunflower,24,1.0,21.671824375,2.574378125
SVM,44,sunflower,28,1.0,29.182013124999997,1.4509781249999998
SVM,44,sunflower,32,1.0,31.336851250000002,2.16751625
SVM,44,sunflower,36,1.0,32.379647500000004,3.620352499999999
SVM,44,sunflower,40,1.0,37.24862176470588,2.8382382352941176
SVM,44,sunflower,44,1.0,42.767390625000004,1.9480443750000003
SVM,44,sunflower,48,1.0,48.972040625,1.6261568749999995
SVM,44,sunflower,52,1.0,49.19711624999999,3.0895162500000004
SVM,44,sunflower,56,1.0,52.25472499999999,3.77540625
SVM,44,sunflower,60,1.0,59.97024,1.7801662499999997
SVM,44,sunflower,64,1.0,63.500911875,3.2214343750000007
SVM,44,sunflower,68,1.0,65.172270625,3.5032443749999995
SVM,44,sunflower,72,1.0,70.999931875,2.4611993750000014
SVM,44,sunflower,76,1.0,76.141515,1.9301662499999992
SVM,44,sunflower,80,1.0,80.46937142857142,3.621477142857143
SVM,44,sunflower,84,1.0,71.804620625,12.195379375000002
SVM,44,sunflower,88,1.0,82.2793525,6.14862875
SVM,44,sunflower,92,1.0,90.576065625,3.6599031250000005
SVM,44,sunflower,96,1.0,91.967519375,4.0719368750000005
SVM,44,sunflower,100,1.0,91.16449999999999,8.8355
RF,42,peanut,4,0.4375,4.270006250000001,3.5133325000000015
RF,42,peanut,8,0.125,14.235840625,6.235840625
RF,42,peanut,12,0.9375,24.347043125,12.760629375
RF,42,peanut,16,1.0,29.776576875,13.776576875
RF,42,peanut,20,0.3125,23.045266875,4.017585624999998
RF,42,peanut,24,1.0,29.493094375,13.052269374999998
RF,42,peanut,28,1.0,27.25782125,3.4833612500000015
RF,42,peanut,32,0.8125,13.947951875000001,18.962086874999997
RF,42,peanut,36,1.0,24.300280625,19.561386874999997
RF,42,peanut,40,1.0,40.9129475,4.822733749999999
RF,42,peanut,44,1.0,28.758603125,15.241396875000001
RF,42,peanut,48,1.0,46.1758325,2.6441675000000004
RF,42,peanut,52,1.0,36.054625625,17.259218125
RF,42,peanut,56,1.0,62.18607062499999,6.279404375
RF,42,peanut,60,1.0,54.323601874999994,7.211398125
RF,42,peanut,64,1.0,71.81960705882352,10.641568235294116
RF,42,peanut,68,1.0,63.958332500000004,7.318334999999999
RF,42,peanut,72,1.0,71.24166625000001,5.244999999999999
RF,42,peanut,76,1.0,69.427730625,7.913935625000001
RF,42,peanut,80,1.0,74.189999375,6.603334375
RF,42,peanut,84,1.0,78.74833375,7.596665
RF,42,peanut,88,1.0,90.76249999999999,3.469166249999999
RF,42,peanut,92,1.0,92.01333249999999,1.761666250000001
RF,42,peanut,96,1.0,89.51531750000001,6.546197499999998
RF,42,peanut,100,1.0,89.684999375,10.315000625000001
RF,42,sunflower,4,0.1875,1.0812162500000015,3.603532499999999
RF,42,sunflower,8,0.5,9.825455625,2.973151875
RF,42,sunflower,12,0.3333333333333333,23.157966000000002,11.157966000000004
RF,42,sunflower,16,0.0,17.418583125,2.0210831250000023
RF,42,sunflower,20,0.6875,31.869181249999997,15.98748375
RF,42,sunflower,24,0.8125,11.780703124999999,12.219296875000001
RF,42,sunflower,28,1.0,38.231388125,10.662823125
RF,42,sunflower,32,1.0,34.178368750000004,8.370265
RF,42,sunflower,36,1.0,22.109399375,13.890600625000001
RF,42,sunflower,40,1.0,44.899383529411764,9.518318823529412
RF,42,sunflower,44,1.0,45.789573125000004,15.511481875
RF,42,sunflower,48,1.0,58.09387625,10.09387625
RF,42,sunflower,52,1.0,50.85128875,3.1422725000000007
RF,42,sunflower,56,1.0,50.87094625,5.225721249999999
RF,42,sunflower,60,1.0,59.813257500000006,7.7448375
RF,42,sunflower,64,1.0,71.1670975,7.3520974999999975
RF,42,sunflower,68,1.0,65.93091625,8.129152500000002
RF,42,sunflower,72,1.0,69.86884,4.537520000000001
RF,42,sunflower,76,1.0,71.87532875,5.737757500000002
RF,42,sunflower,80,1.0,79.0012192857143,3.517827857142858
RF,42,sunflower,84,1.0,54.665338125,29.334661875000002
RF,42,sunflower,88,1.0,76.67381,11.57785625
RF,42,sunflower,92,1.0,91.56944437499999,3.5294443750000006
RF,42,sunflower,96,1.0,93.515213125,3.2463806249999987
RF,42,sunflower,100,1.0,93.23599352941176,6.764006470588236
RF,43,peanut,4,0.9375,13.333148125000001,9.333148125000001
RF,43,peanut,8,0.5,16.882748125,8.882748124999999
RF,43,peanut,12,0.9375,20.31209625,8.56158625
RF,43,peanut,16,1.0,29.359868125,13.359868124999998
RF,43,peanut,20,0.6875,22.86416875,3.6848412500000007
RF,43,peanut,24,0.9375,23.20941,11.117256249999999
RF,43,peanut,28,0.875,18.089021875,9.910978125
RF,43,peanut,32,1.0,19.286205000000002,14.16078
RF,43,peanut,36,0.9375,20.32935875,23.45564
RF,43,peanut,40,1.0,38.966395000000006,2.9369274999999986
RF,43,peanut,44,1.0,52.134175,8.95915875
RF,43,peanut,48,1.0,52.19072625,4.73979
RF,43,peanut,52,1.0,40.142583125,15.062221875
RF,43,peanut,56,1.0,60.7967425,6.670005000000001
RF,43,peanut,60,1.0,59.13224125000001,5.85861375
RF,43,peanut,64,1.0,59.22588235294118,7.01098
RF,43,peanut,68,1.0,69.497910625,5.012644375
RF,43,peanut,72,1.0,71.857569375,3.705324374999999
RF,43,peanut,76,1.0,79.550166875,7.062943125
RF,43,peanut,80,1.0,78.69870375,5.052951250000001
RF,43,peanut,84,1.0,73.08924124999999,11.90561375
RF,43,peanut,88,1.0,86.3357675,4.034426249999997
RF,43,peanut,92,1.0,86.918335,7.098331249999999
RF,43,peanut,96,1.0,92.151195,3.8488049999999987
RF,43,peanut,100,1.0,90.134314375,9.865685625000001
RF,43,sunflower,4,0.5625,2.9031318750000015,2.720355625
RF,43,sunflower,8,0.5,10.452565624999998,2.452565624999999
RF,43,sunflower,12,0.3333333333333333,22.183669999999996,12.468270000000002
RF,43,sunflower,16,0.0625,17.15110625,3.817516249999999
RF,43,sunflower,20,0.6875,32.48123375,12.58831125
RF,43,sunflower,24,0.4375,9.83884,14.16116
RF,43,sunflower,28,1.0,32.99073,8.046005
RF,43,sunflower,32,1.0,35.67644875,7.530925
RF,43,sunflower,36,1.0,26.32050625,9.679493749999999
RF,43,sunflower,40,1.0,42.94751647058823,7.727841176470588
RF,43,sunflower,44,1.0,45.629433750000004,17.011755
RF,43,sunflower,48,1.0,51.474816875,4.300285624999999
RF,43,sunflower,52,1.0,55.872995625,8.972876875
RF,43,sunflower,56,1.0,48.397403749999995,11.30664375
RF,43,sunflower,60,1.0,63.535011875,5.590709375
RF,43,sunflower,64,1.0,69.15171875,7.298828750000002
RF,43,sunflower,68,1.0,63.11516,5.86072375
RF,43,sunflower,72,1.0,74.21138562499999,4.384284374999999
RF,43,sunflower,76,1.0,73.84637875,5.148621250000001
RF,43,sunflower,80,1.0,78.86351,3.852418571428572
RF,43,sunflower,84,1.0,63.80666624999999,20.35833375
RF,43,sunflower,88,1.0,80.84449375,9.38384
RF,43,sunflower,92,1.0,88.789904375,3.2100956249999992
RF,43,sunflower,96,1.0,89.91083375,6.482499999999999
RF,43,sunflower,100,1.0,92.39494941176471,7.605050588235292
RF,44,peanut,4,0.375,3.3199225000000014,4.60767625
RF,44,peanut,8,0.625,16.28121625,8.28121625
RF,44,peanut,12,0.875,16.478834374999998,4.520188125
RF,44,peanut,16,1.0,25.074424375,9.074424375
RF,44,peanut,20,0.3125,21.924890624999996,2.6124031249999993
RF,44,peanut,24,1.0,29.224189374999998,11.199596875000001
RF,44,peanut,28,0.9375,30.405671875000003,7.342600624999999
RF,44,peanut,32,0.4375,9.253233750000001,22.74676625
RF,44,peanut,36,1.0,21.730624999999996,15.424388750000002
RF,44,peanut,40,1.0,42.174229374999996,9.215770625000001
RF,44,peanut,44,1.0,59.1841675,16.4591675
RF,44,peanut,48,1.0,57.715495,11.943827500000001
RF,44,peanut,52,1.0,36.894774999999996,16.917257499999998
RF,44,peanut,56,1.0,65.46594437499999,9.465944375
RF,44,peanut,60,1.0,58.2746375,6.134363749999999
RF,44,peanut,64,1.0,76.70509882352941,12.705098823529411
RF,44,peanut,68,1.0,70.85976375,5.231221249999998
RF,44,peanut,72,1.0,63.39268500000001,11.441595
RF,44,peanut,76,1.0,76.694444375,1.7705556249999992
RF,44,peanut,80,1.0,77.51127125,3.878491249999998
RF,44,peanut,84,1.0,74.94499937500001,9.055000625
RF,44,peanut,88,1.0,86.800270625,4.707184375
RF,44,peanut,92,1.0,87.033074375,8.168591874999999
RF,44,peanut,96,1.0,84.53427125000002,11.46572875
RF,44,peanut,100,1.0,89.470985,10.529015
RF,44,sunflower,4,0.9375,13.943294375,9.943294375
RF,44,sunflower,8,0.4375,9.469535625,2.2081093749999994
RF,44,sunflower,12,0.06666666666666667,18.083709333333335,6.3188786666666665
RF,44,sunflower,16,0.4375,21.963715,7.49383375
RF,44,sunflower,20,0.6875,33.483990625,14.417324375
RF,44,sunflower,24,0.8125,9.520095624999998,14.479904375000004
RF,44,sunflower,28,1.0,39.115605,11.115605000000002
RF,44,sunflower,32,1.0,30.694055625,7.165944375
RF,44,sunflower,36,1.0,31.439811874999997,8.061238125000003
RF,44,sunflower,40,1.0,38.45333352941176,6.564706470588235
RF,44,sunflower,44,1.0,49.199504375000004,14.218274374999998
RF,44,sunflower,48,1.0,54.900366250000005,7.1213
RF,44,sunflower,52,1.0,53.119621875,5.659530625
RF,44,sunflower,56,1.0,45.142955625,10.857044375
RF,44,sunflower,60,1.0,58.09032125,6.86698875
RF,44,sunflower,64,1.0,73.581944375,9.581944375
RF,44,sunflower,68,1.0,71.251909375,5.289909375000001
RF,44,sunflower,72,1.0,69.8517325,4.8885749999999994
RF,44,sunflower,76,1.0,71.51345312499998,6.349880625000001
RF,44,sunflower,80,1.0,76.54204214285714,4.584730714285714
RF,44,sunflower,84,1.0,72.4385675,12.426068749999999
RF,44,sunflower,88,1.0,83.193774375,5.959740625000002
RF,44,sunflower,92,1.0,89.77426750000001,2.9007337500000006
RF,44,sunflower,96,1.0,96.94197125,3.809696250000001
RF,44,sunflower,100,1.0,91.94078764705881,8.059212352941175
MLP,42,peanut,4,1.0,6.715435028076172,2.736578941345215
MLP,42,peanut,8,1.0,11.59850788116455,3.598507881164551
MLP,42,peanut,12,1.0,14.34921407699585,2.5223917961120605
MLP,42,peanut,16,1.0,18.316400051116943,2.3991637229919434
MLP,42,peanut,20,1.0,20.497434616088867,0.9897785186767578
MLP,42,peanut,24,1.0,24.146104335784912,0.882744312286377
MLP,42,peanut,28,1.0,26.81954050064087,1.620863437652588
MLP,42,peanut,32,1.0,32.056880950927734,1.7234067916870117
MLP,42,peanut,36,1.0,35.57512164115906,1.2838857173919678
MLP,42,peanut,40,1.0,40.83556270599365,1.3903603553771973
MLP,42,peanut,44,1.0,43.02128791809082,1.1850204467773438
MLP,42,peanut,48,1.0,48.96637773513794,2.108436107635498
MLP,42,peanut,52,1.0,50.314921140670776,1.9973061084747314
MLP,42,peanut,56,1.0,57.03774976730347,1.7147011756896973
MLP,42,peanut,60,1.0,56.83792424201965,3.1620757579803467
MLP,42,peanut,64,1.0,62.62515976849724,1.5901390524471508
MLP,42,peanut,68,1.0,66.74986290931702,2.06520676612854
MLP,42,peanut,72,1.0,69.23708975315094,2.847816586494446
MLP,42,peanut,76,1.0,74.17164957523346,1.8654967546463013
MLP,42,peanut,80,1.0,76.54596984386444,3.454030156135559
MLP,42,peanut,84,1.0,81.13435751199722,2.8842650055885315
MLP,42,peanut,88,1.0,84.95086497068405,3.0491350293159485
MLP,42,peanut,92,1.0,87.6029349565506,4.397065043449402
MLP,42,peanut,96,1.0,90.32099625468254,5.679003745317459
MLP,42,peanut,100,1.0,94.75247304141521,5.2475269585847855
MLP,42,sunflower,4,0.6875,2.7342419624328613,1.5355963706970215
MLP,42,sunflower,8,1.0,9.143018245697021,1.592231273651123
MLP,42,sunflower,12,1.0,11.372193400065104,1.790839640299479
MLP,42,sunflower,16,1.0,14.94246530532837,1.4128642082214355
MLP,42,sunflower,20,1.0,28.478845596313477,8.478845596313477
MLP,42,sunflower,24,1.0,23.93629264831543,2.356307029724121
MLP,42,sunflower,28,1.0,29.57270622253418,2.240335464477539
MLP,42,sunflower,32,1.0,25.78998613357544,6.2100138664245605
MLP,42,sunflower,36,1.0,33.02000188827515,3.428170680999756
MLP,42,sunflower,40,1.0,44.48278225169462,4.482782251694623
MLP,42,sunflower,44,1.0,43.182899475097656,2.033076763153076
MLP,42,sunflower,48,1.0,48.25870871543884,2.636406183242798
MLP,42,sunflower,52,1.0,49.13086414337158,4.253956317901611
MLP,42,sunflower,56,1.0,54.02099800109863,2.5031256675720215
MLP,42,sunflower,60,1.0,62.145862102508545,2.6678295135498047
MLP,42,sunflower,64,1.0,60.45817732810974,3.697242498397827
MLP,42,sunflower,68,1.0,66.44481658935547,2.3378357887268066
MLP,42,sunflower,72,1.0,69.33794021606445,2.771578550338745
MLP,42,sunflower,76,1.0,74.23816442489624,2.6441919803619385
MLP,42,sunflower,80,1.0,78.0286671774728,2.2228527069091797
MLP,42,sunflower,84,1.0,82.79866880178452,1.2552348971366882
MLP,42,sunflower,88,1.0,88.63951188325882,1.5111605525016785
MLP,42,sunflower,92,1.0,90.44042682647705,1.9158419370651245
MLP,42,sunflower,96,1.0,94.6763075441122,2.2141074389219284
MLP,42,sunflower,100,1.0,97.18011883427116,2.8198811657288494
MLP,43,peanut,4,1.0,9.148243427276611,5.148243427276611
MLP,43,peanut,8,1.0,12.450255870819092,4.450255870819092
MLP,43,peanut,12,1.0,12.694977283477783,1.0779728889465332
MLP,43,peanut,16,1.0,16.843397617340088,1.2055153846740723
MLP,43,peanut,20,1.0,21.665918350219727,2.237977981567383
MLP,43,peanut,24,1.0,21.981712818145752,2.130662441253662
MLP,43,peanut,28,1.0,33.024709701538086,5.024709701538086
MLP,43,peanut,32,1.0,32.5622718334198,1.835524320602417
MLP,43,peanut,36,1.0,37.92145657539368,2.5290091037750244
MLP,43,peanut,40,1.0,45.123021602630615,5.123021602630615
MLP,43,peanut,44,1.0,44.26003313064575,1.0099163055419922
MLP,43,peanut,48,1.0,53.68322944641113,5.683229446411133
MLP,43,peanut,52,1.0,49.367310523986816,2.7475509643554688
MLP,43,peanut,56,1.0,55.278480768203735,1.6651461124420166
MLP,43,peanut,60,1.0,58.65625286102295,1.9232258796691895
MLP,43,peanut,64,1.0,60.78434461705825,3.3127739850212548
MLP,43,peanut,68,1.0,66.15952432155609,2.161429286003113
MLP,43,peanut,72,1.0,70.99881863594055,1.872941255569458
MLP,43,peanut,76,1.0,76.29904174804688,1.3348617553710938
MLP,43,peanut,80,1.0,77.33230555057526,2.7979131937026978
MLP,43,peanut,84,1.0,81.5698634982109,2.5006064772605896
MLP,43,peanut,88,1.0,86.6925819516182,1.5974530577659607
MLP,43,peanut,92,1.0,85.59276312589645,6.407236874103546
MLP,43,peanut,96,1.0,89.78731754422188,6.212682455778122
MLP,43,peanut,100,1.0,95.10156689584255,4.898433104157448
MLP,43,sunflower,4,0.875,3.715182304382324,2.3023290634155273
MLP,43,sunflower,8,1.0,13.353469371795654,5.353469371795654
MLP,43,sunflower,12,1.0,14.536169942220052,2.703619893391927
MLP,43,sunflower,16,1.0,15.076899528503418,1.575601577758789
MLP,43,sunflower,20,1.0,28.828951358795166,8.828951358795166
MLP,43,sunflower,24,1.0,25.944207191467285,2.6255874633789062
MLP,43,sunflower,28,1.0,32.48447561264038,4.486415386199951
MLP,43,sunflower,32,1.0,35.335280895233154,3.349393367767334
MLP,43,sunflower,36,1.0,35.959059715270996,2.099167823791504
MLP,43,sunflower,40,1.0,42.73755578433766,2.894798054414637
MLP,43,sunflower,44,1.0,43.38200664520264,2.0141100883483887
MLP,43,sunflower,48,1.0,51.38384652137756,3.6848666667938232
MLP,43,sunflower,52,1.0,49.264496088027954,5.116105318069458
MLP,43,sunflower,56,1.0,55.81899452209473,2.107198715209961
MLP,43,sunflower,60,1.0,62.86707639694214,3.229551315307617
MLP,43,sunflower,64,1.0,62.92079305648804,2.251129627227783
MLP,43,sunflower,68,1.0,61.43261384963989,6.567386150360107
MLP,43,sunflower,72,1.0,67.27800822257996,4.721991777420044
MLP,43,sunflower,76,1.0,71.99151122570038,4.0142213106155396
MLP,43,sunflower,80,1.0,79.59472288404193,1.1542656762259347
MLP,43,sunflower,84,1.0,77.45448207855225,6.545517921447754
MLP,43,sunflower,88,1.0,80.92781805992126,7.072181940078735
MLP,43,sunflower,92,1.0,87.74823680520058,4.4301444590091705
MLP,43,sunflower,96,1.0,93.44489755481482,2.844621203839779
MLP,43,sunflower,100,1.0,96.75059705183787,3.249402948162135
MLP,44,peanut,4,1.0,6.39354944229126,2.398221492767334
MLP,44,peanut,8,1.0,10.75734806060791,2.75734806060791
MLP,44,peanut,12,1.0,12.392808437347412,1.057018756866455
MLP,44,peanut,16,1.0,17.410499572753906,1.4268293380737305
MLP,44,peanut,20,1.0,21.813920974731445,1.8651123046875
MLP,44,peanut,24,1.0,23.64435052871704,1.0713448524475098
MLP,44,peanut,28,1.0,30.400800704956055,2.522158622741699
MLP,44,peanut,32,1.0,29.10535430908203,3.366969108581543
MLP,44,peanut,36,1.0,33.40032911300659,2.599670886993408
MLP,44,peanut,40,1.0,40.275898694992065,1.2174952030181885
MLP,44,peanut,44,1.0,49.19755554199219,5.1975555419921875
MLP,44,peanut,48,1.0,50.990620374679565,3.260603666305542
MLP,44,peanut,52,1.0,49.72851371765137,2.486137866973877
MLP,44,peanut,56,1.0,54.43750238418579,2.2434563636779785
MLP,44,peanut,60,1.0,60.091448068618774,1.370563268661499
MLP,44,peanut,64,1.0,66.31071326311897,2.5587399426628563
MLP,44,peanut,68,1.0,65.8297188282013,2.5742509365081787
MLP,44,peanut,72,1.0,69.08750796318054,2.912492036819458
MLP,44,peanut,76,1.0,77.64018487930298,1.8646862506866455
MLP,44,peanut,80,1.0,77.68708050251007,2.312919497489929
MLP,44,peanut,84,1.0,80.24311971664429,3.756880283355713
MLP,44,peanut,88,1.0,85.67922312021255,2.320776879787445
MLP,44,peanut,92,1.0,86.89552623033524,5.104473769664764
MLP,44,peanut,96,1.0,91.13337060809135,4.866629391908646
MLP,44,peanut,100,1.0,94.69653308391571,5.3034669160842896
MLP,44,sunflower,4,0.875,8.609302043914795,4.609302043914795
MLP,44,sunflower,8,1.0,11.616680145263672,3.6646194458007812
MLP,44,sunflower,12,1.0,14.086696370442708,2.471989949544271
MLP,44,sunflower,16,1.0,16.30114507675171,1.7664437294006348
MLP,44,sunflower,20,1.0,24.10195016860962,4.101950168609619
MLP,44,sunflower,24,1.0,25.366143703460693,2.34666109085083
MLP,44,sunflower,28,1.0,30.672584533691406,3.2686338424682617
MLP,44,sunflower,32,1.0,29.241453647613525,3.276279926300049
MLP,44,sunflower,36,1.0,34.26992344856262,2.415832757949829
MLP,44,sunflower,40,1.0,42.47264099121094,2.79206444235409
MLP,44,sunflower,44,1.0,39.51165795326233,4.488342046737671
MLP,44,sunflower,48,1.0,51.55253577232361,3.7809717655181885
MLP,44,sunflower,52,1.0,47.93852090835571,4.216479301452637
MLP,44,sunflower,56,1.0,52.98368573188782,3.0163142681121826
MLP,44,sunflower,60,1.0,63.401946783065796,3.6767728328704834
MLP,44,sunflower,64,1.0,63.58645677566528,2.3006482124328613
MLP,44,sunflower,68,1.0,63.06298518180847,4.937014818191528
MLP,44,sunflower,72,1.0,71.31956803798676,1.582884430885315
MLP,44,sunflower,76,1.0,73.03085243701935,3.4175702333450317
MLP,44,sunflower,80,1.0,77.46993378230503,2.699559211730957
MLP,44,sunflower,84,1.0,80.41272389888763,3.6058236360549927
MLP,44,sunflower,88,1.0,84.50344830751419,3.4965516924858093
MLP,44,sunflower,92,1.0,87.3851024210453,4.687027603387833
MLP,44,sunflower,96,1.0,93.89984248951077,2.7492375262081623
MLP,44,sunflower,100,1.0,95.25767647168216,4.742323528317844
CNN,42,peanut,4,0.5625,6.544796466827393,3.987657070159912
CNN,42,peanut,8,0.875,16.189188480377197,8.189188480377197
CNN,42,peanut,12,0.625,18.63692283630371,8.878929138183594
CNN,42,peanut,16,1.0,27.620721340179443,11.620721340179443
CNN,42,peanut,20,0.875,24.26772451400757,4.4283671379089355
CNN,42,peanut,24,1.0,25.710951328277588,7.177962779998779
CNN,42,peanut,28,1.0,29.231223344802856,3.5768845081329346
CNN,42,peanut,32,1.0,25.464171648025513,7.448368310928345
CNN,42,peanut,36,1.0,27.283596515655518,8.716403484344482
CNN,42,peanut,40,1.0,41.81855368614197,3.9341704845428467
CNN,42,peanut,44,1.0,39.80225968360901,4.465825319290161
CNN,42,peanut,48,1.0,46.30235052108765,2.738892078399658
CNN,42,peanut,52,1.0,46.32940721511841,7.189822673797607
CNN,42,peanut,56,1.0,54.45512247085571,2.9248361587524414
CNN,42,peanut,60,1.0,57.84352707862854,2.9390766620635986
CNN,42,peanut,64,1.0,60.445256625904754,3.5887843861299404
CNN,42,peanut,68,1.0,66.62218117713928,2.0794599056243896
CNN,42,peanut,72,1.0,72.91906130313873,3.003583550453186
CNN,42,peanut,76,1.0,75.04746520519257,1.9665573835372925
CNN,42,peanut,80,1.0,79.88232505321503,2.060346245765686
CNN,42,peanut,84,1.0,83.51946437358856,1.7825521230697632
CNN,42,peanut,88,1.0,84.69958937168121,3.7360719442367554
CNN,42,peanut,92,1.0,92.7338568419218,2.006314441561699
CNN,42,peanut,96,1.0,94.99388805776834,2.021885670721531
CNN,42,peanut,100,1.0,96.77891184389591,3.221088156104088
CNN,42,sunflower,4,0.875,1.8739404678344727,2.1260595321655273
CNN,42,sunflower,8,0.375,9.591623783111572,2.6947083473205566
CNN,42,sunflower,12,0.6,7.6163075764973955,4.752887980143229
CNN,42,sunflower,16,0.375,14.492050647735596,4.124688625335693
CNN,42,sunflower,20,0.875,23.640498638153076,11.16188383102417
CNN,42,sunflower,24,1.0,11.17051649093628,12.82948350906372
CNN,42,sunflower,28,1.0,31.64633584022522,4.270235300064087
CNN,42,sunflower,32,1.0,25.217689990997314,8.022037982940674
CNN,42,sunflower,36,1.0,30.38358235359192,5.750592470169067
CNN,42,sunflower,40,1.0,43.65834269804113,3.6583426980411304
CNN,42,sunflower,44,1.0,46.234153270721436,3.054194450378418
CNN,42,sunflower,48,1.0,48.67438554763794,2.0822315216064453
CNN,42,sunflower,52,1.0,45.388503313064575,6.6405417919158936
CNN,42,sunflower,56,1.0,53.28068447113037,3.389801502227783
CNN,42,sunflower,60,1.0,65.55593419075012,5.555934190750122
CNN,42,sunflower,64,1.0,69.35729241371155,6.0484325885772705
CNN,42,sunflower,68,1.0,68.62610805034637,4.965600371360779
CNN,42,sunflower,72,1.0,69.96945881843567,3.493483781814575
CNN,42,sunflower,76,1.0,73.13953804969788,4.072253227233887
CNN,42,sunflower,80,1.0,80.06125123160226,2.3108798435756137
CNN,42,sunflower,84,1.0,66.11613988876343,17.883860111236572
CNN,42,sunflower,88,1.0,87.9255943596363,2.7338205873966217
CNN,42,sunflower,92,1.0,90.23006819188595,2.8515968173742294
CNN,42,sunflower,96,1.0,94.61188812553883,2.6222418695688248
CNN,42,sunflower,100,1.0,95.82743825631984,4.172561743680169
CNN,43,peanut,4,1.0,10.42567491531372,6.425674915313721
CNN,43,peanut,8,0.625,13.830941200256348,5.830941200256348
CNN,43,peanut,12,0.5625,11.56617784500122,5.050403118133545
CNN,43,peanut,16,1.0,25.642749309539795,9.642749309539795
CNN,43,peanut,20,1.0,25.224876880645752,5.340793132781982
CNN,43,peanut,24,1.0,25.18796157836914,5.025149345397949
CNN,43,peanut,28,1.0,29.89829659461975,4.01568341255188
CNN,43,peanut,32,1.0,24.95902419090271,8.127571821212769
CNN,43,peanut,36,1.0,29.043280601501465,6.956719398498535
CNN,43,peanut,40,1.0,42.17359948158264,3.3914473056793213
CNN,43,peanut,44,1.0,46.76504302024841,3.8630831241607666
CNN,43,peanut,48,1.0,47.37022805213928,2.4075987339019775
CNN,43,peanut,52,1.0,48.524590253829956,4.852754831314087
CNN,43,peanut,56,1.0,52.932761430740356,4.529981374740601
CNN,43,peanut,60,1.0,59.5191924571991,2.5861175060272217
CNN,43,peanut,64,1.0,64.82835118910846,1.865657133214614
CNN,43,peanut,68,1.0,68.08130502700806,1.5267009735107422
CNN,43,peanut,72,1.0,77.98410046100616,5.9841004610061646
CNN,43,peanut,76,1.0,74.33300733566284,2.4972712993621826
CNN,43,peanut,80,1.0,81.24606865644455,2.4647075533866882
CNN,43,peanut,84,1.0,85.14533811807632,3.0911231637001038
CNN,43,peanut,88,1.0,90.70857447385788,3.5785931944847107
CNN,43,peanut,92,1.0,95.29352188296616,3.552535654976964
CNN,43,peanut,96,1.0,98.15496127679944,2.435746241360903
CNN,43,peanut,100,1.0,97.72693810798228,2.273061892017722
CNN,43,sunflower,4,0.875,1.604912281036377,2.6739630699157715
CNN,43,sunflower,8,0.125,10.990242958068848,3.107386589050293
CNN,43,sunflower,12,0.6,5.107289632161458,6.892710367838542
CNN,43,sunflower,16,0.4375,16.690348625183105,4.097951889038086
CNN,43,sunflower,20,0.6875,23.991525173187256,11.864826679229736
CNN,43,sunflower,24,1.0,5.1709794998168945,18.829020500183105
CNN,43,sunflower,28,1.0,35.72330665588379,7.723306655883789
CNN,43,sunflower,32,1.0,24.953533172607422,7.251072883605957
CNN,43,sunflower,36,1.0,32.53066897392273,4.3263185024261475
CNN,43,sunflower,40,1.0,43.98674437578987,4.20210423189051
CNN,43,sunflower,44,1.0,52.12861728668213,8.128617286682129
CNN,43,sunflower,48,1.0,49.61576557159424,2.4237875938415527
CNN,43,sunflower,52,1.0,48.707945108413696,4.437011003494263
CNN,43,sunflower,56,1.0,57.96560192108154,3.350243091583252
CNN,43,sunflower,60,1.0,64.71857070922852,4.718570709228516
CNN,43,sunflower,64,1.0,72.37512242794037,8.641403555870056
CNN,43,sunflower,68,1.0,66.65385746955872,6.226459741592407
CNN,43,sunflower,72,1.0,73.11593794822693,2.9631505012512207
CNN,43,sunflower,76,1.0,75.53627341985703,3.1932680010795593
CNN,43,sunflower,80,1.0,81.71277434485299,2.566675526755197
CNN,43,sunflower,84,1.0,68.23528438806534,16.425590574741364
CNN,43,sunflower,88,1.0,90.15606701374054,6.417085528373718
CNN,43,sunflower,92,1.0,95.26361376047134,3.817761242389679
CNN,43,sunflower,96,1.0,95.10252315551043,2.5642843320965767
CNN,43,sunflower,100,1.0,98.2886553126223,1.7113446873777054
CNN,44,peanut,4,0.5625,5.878881931304932,3.6182522773742676
CNN,44,peanut,8,0.875,11.564748764038086,4.1500091552734375
CNN,44,peanut,12,0.5,12.489799499511719,3.9458370208740234
CNN,44,peanut,16,1.0,21.927295684814453,6.269035339355469
CNN,44,peanut,20,0.9375,27.291895866394043,7.291895866394043
CNN,44,peanut,24,1.0,22.873425006866455,5.142606258392334
CNN,44,peanut,28,1.0,30.461212635040283,3.903189182281494
CNN,44,peanut,32,1.0,26.627683639526367,8.94427490234375
CNN,44,peanut,36,1.0,28.187795639038086,7.872189521789551
CNN,44,peanut,40,1.0,40.38312864303589,2.286282539367676
CNN,44,peanut,44,1.0,39.707425594329834,4.566354274749756
CNN,44,peanut,48,1.0,51.93297052383423,4.291585922241211
CNN,44,peanut,52,1.0,48.784855127334595,6.7337586879730225
CNN,44,peanut,56,1.0,54.54828763008118,3.051767587661743
CNN,44,peanut,60,1.0,59.33771562576294,2.716109275817871
CNN,44,peanut,64,1.0,61.9299249088063,2.562831205480239
CNN,44,peanut,68,1.0,70.62152063846588,2.826703190803528
CNN,44,peanut,72,1.0,80.46084332466125,8.460843324661255
CNN,44,peanut,76,1.0,74.16452312469482,2.6106932163238525
CNN,44,peanut,80,1.0,80.595747590065,1.6414726972579956
CNN,44,peanut,84,1.0,82.75201934576035,3.053111970424652
CNN,44,peanut,88,1.0,85.32951295375824,3.547525644302368
CNN,44,peanut,92,1.0,97.18148308992386,5.181483089923859
CNN,44,peanut,96,1.0,99.7737831287086,3.773783128708601
CNN,44,peanut,100,1.0,99.94283562363125,0.05716437636874616
CNN,44,sunflower,4,1.0,7.851381778717041,4.140611171722412
CNN,44,sunflower,8,0.1875,7.357652187347412,2.6352810859680176
CNN,44,sunflower,12,0.13333333333333333,9.682404073079427,4.117656962076823
CNN,44,sunflower,16,0.3125,14.622096538543701,3.078583240509033
CNN,44,sunflower,20,0.6875,25.216408491134644,12.288659811019897
CNN,44,sunflower,24,1.0,6.563765525817871,17.43623447418213
CNN,44,sunflower,28,1.0,32.340576171875,4.354579925537109
CNN,44,sunflower,32,1.0,26.378694534301758,6.667084693908691
CNN,44,sunflower,36,1.0,31.145601511001587,5.136108636856079
CNN,44,sunflower,40,1.0,42.66558276905733,3.5292082393870636
CNN,44,sunflower,44,1.0,50.60832905769348,6.6083290576934814
CNN,44,sunflower,48,1.0,50.22251653671265,2.6827540397644043
CNN,44,sunflower,52,1.0,46.79277491569519,5.20722508430481
CNN,44,sunflower,56,1.0,54.09863257408142,3.0947201251983643
CNN,44,sunflower,60,1.0,64.05423212051392,4.085394382476807
CNN,44,sunflower,64,1.0,70.26604521274567,6.469392895698547
CNN,44,sunflower,68,1.0,64.9576485157013,4.000537633895874
CNN,44,sunflower,72,1.0,72.01731443405151,2.984595537185669
CNN,44,sunflower,76,1.0,73.13693988323212,3.5676788091659546
CNN,44,sunflower,80,1.0,80.01911340441022,2.194389207022531
CNN,44,sunflower,84,1.0,66.82968491315842,17.17944759130478
CNN,44,sunflower,88,1.0,93.9930361956358,6.970693752169609
CNN,44,sunflower,92,1.0,92.21357258409262,2.7119086608290672
CNN,44,sunflower,96,1.0,95.60327002359554,2.44847997976467
CNN,44,sunflower,100,1.0,99.50692823353936,0.4930717664606431
KAN,42,peanut,4,1.0,12.437991619110107,8.437991619110107
KAN,42,peanut,8,0.9375,15.672980785369873,7.768157482147217
KAN,42,peanut,12,0.75,15.738206386566162,6.180212497711182
KAN,42,peanut,16,0.3125,12.402844905853271,7.859238147735596
KAN,42,peanut,20,1.0,22.835781574249268,3.192505359649658
KAN,42,peanut,24,1.0,16.88615846633911,7.113841533660889
KAN,42,peanut,28,1.0,33.23123812675476,5.231238126754761
KAN,42,peanut,32,1.0,31.839151859283447,5.0944600105285645
KAN,42,peanut,36,1.0,35.98060083389282,2.143662929534912
KAN,42,peanut,40,1.0,36.904186964035034,3.3401944637298584
KAN,42,peanut,44,1.0,41.99804902076721,2.001950979232788
KAN,42,peanut,48,1.0,45.67979049682617,2.841980457305908
KAN,42,peanut,52,1.0,39.48083782196045,12.51916217803955
KAN,42,peanut,56,1.0,54.36521935462952,4.436833620071411
KAN,42,peanut,60,1.0,61.20837950706482,1.3531291484832764
KAN,42,peanut,64,1.0,62.56769112979664,2.2376475614659928
KAN,42,peanut,68,1.0,69.15190875530243,1.775865912437439
KAN,42,peanut,72,1.0,70.69254946708679,2.283705472946167
KAN,42,peanut,76,1.0,77.38250207901001,2.2330944538116455
KAN,42,peanut,80,1.0,80.839992582798,2.026475250720978
KAN,42,peanut,84,1.0,84.08571434020996,2.8249094486236572
KAN,42,peanut,88,1.0,88.52104949951172,1.0049794912338257
KAN,42,peanut,92,1.0,93.92637065052986,1.9263706505298615
KAN,42,peanut,96,1.0,83.80321368575096,12.196786314249039
KAN,42,peanut,100,1.0,89.12478250265121,10.875217497348785
KAN,42,sunflower,4,0.0,3.391700267791748,0.9710850715637207
KAN,42,sunflower,8,0.375,5.036028861999512,2.9639711380004883
KAN,42,sunflower,12,0.3333333333333333,21.26693115234375,9.4658935546875
KAN,42,sunflower,16,0.3125,10.638413429260254,5.455059051513672
KAN,42,sunflower,20,0.5625,38.4181022644043,18.418102264404297
KAN,42,sunflower,24,1.0,23.73102045059204,3.4150519371032715
KAN,42,sunflower,28,0.625,39.51595377922058,11.515953779220581
KAN,42,sunflower,32,1.0,31.56643533706665,2.8048453330993652
KAN,42,sunflower,36,1.0,31.093405723571777,4.906594276428223
KAN,42,sunflower,40,1.0,43.01512101117302,3.016321070053998
KAN,42,sunflower,44,1.0,45.35823941230774,1.8734657764434814
KAN,42,sunflower,48,1.0,55.1531777381897,7.153177738189697
KAN,42,sunflower,52,1.0,57.25356316566467,6.037305593490601
KAN,42,sunflower,56,1.0,64.74776983261108,8.747769832611084
KAN,42,sunflower,60,1.0,64.75211179256439,4.752111792564392
KAN,42,sunflower,64,1.0,61.90650117397308,2.665049910545349
KAN,42,sunflower,68,1.0,62.95247304439545,5.388234496116638
KAN,42,sunflower,72,1.0,74.0619843006134,2.634126663208008
KAN,42,sunflower,76,1.0,72.69701850414276,3.3440877199172974
KAN,42,sunflower,80,1.0,81.91793850490025,2.384097235543387
KAN,42,sunflower,84,1.0,76.36337637901306,7.6366236209869385
KAN,42,sunflower,88,1.0,88.7183787226677,2.847747504711151
KAN,42,sunflower,92,1.0,91.95729064941406,0.617814302444458
KAN,42,sunflower,96,1.0,96.90347310621291,1.8352093966677785
KAN,42,sunflower,100,1.0,96.78668235330021,3.2133176466997933
KAN,43,peanut,4,0.5,11.046247959136963,7.046247959136963
KAN,43,peanut,8,0.9375,11.279632568359375,3.388016700744629
KAN,43,peanut,12,0.75,13.279362201690674,3.681972026824951
KAN,43,peanut,16,1.0,14.62234115600586,3.137202262878418
KAN,43,peanut,20,1.0,19.76943302154541,1.004023551940918
KAN,43,peanut,24,1.0,26.24168348312378,2.3912882804870605
KAN,43,peanut,28,1.0,28.468356132507324,1.0749711990356445
KAN,43,peanut,32,1.0,31.96700620651245,2.410830020904541
KAN,43,peanut,36,1.0,41.07481050491333,5.298738956451416
KAN,43,peanut,40,1.0,46.15865206718445,6.158652067184448
KAN,43,peanut,44,1.0,42.92560577392578,1.266946792602539
KAN,43,peanut,48,1.0,51.73599672317505,3.735996723175049
KAN,43,peanut,52,1.0,50.19886231422424,2.193901300430298
KAN,43,peanut,56,1.0,54.90966296195984,2.496699571609497
KAN,43,peanut,60,1.0,60.1281418800354,1.81292724609375
KAN,43,peanut,64,1.0,62.33974524105297,2.289532605339499
KAN,43,peanut,68,1.0,67.99428081512451,1.2460341453552246
KAN,43,peanut,72,1.0,69.75360691547394,2.5918058156967163
KAN,43,peanut,76,1.0,75.02806508541107,1.3536301851272583
KAN,43,peanut,80,1.0,82.8025199174881,2.86381995677948
KAN,43,peanut,84,1.0,81.12220656871796,3.1263009309768677
KAN,43,peanut,88,1.0,90.12507572770119,2.368004471063614
KAN,43,peanut,92,1.0,91.69313302636147,1.3994982540607452
KAN,43,peanut,96,1.0,91.50239688158035,4.497603118419647
KAN,43,peanut,100,1.0,86.6886156797409,13.311384320259094
KAN,43,sunflower,4,0.8125,3.1152491569519043,1.2036166191101074
KAN,43,sunflower,8,0.6875,9.311272621154785,1.6226778030395508
KAN,43,sunflower,12,0.3333333333333333,21.27072245279948,9.270722452799479
KAN,43,sunflower,16,1.0,15.141206741333008,3.4142446517944336
KAN,43,sunflower,20,1.0,24.979241847991943,4.979241847991943
KAN,43,sunflower,24,1.0,25.314879894256592,2.8970704078674316
KAN,43,sunflower,28,1.0,30.19666624069214,3.3791375160217285
KAN,43,sunflower,32,1.0,32.23933744430542,2.6890549659729004
KAN,43,sunflower,36,1.0,35.781009674072266,1.748763084411621
KAN,43,sunflower,40,1.0,38.48102120792164,2.428190792308134
KAN,43,sunflower,44,1.0,42.738290548324585,2.78450083732605
KAN,43,sunflower,48,1.0,48.298765420913696,1.850273847579956
KAN,43,sunflower,52,1.0,50.96843957901001,2.305955410003662
KAN,43,sunflower,56,1.0,58.81857872009277,2.977912425994873
KAN,43,sunflower,60,1.0,64.50682997703552,4.5068299770355225
KAN,43,sunflower,64,1.0,65.6606810092926,2.5962350368499756
KAN,43,sunflower,68,1.0,61.20988082885742,6.790119171142578
KAN,43,sunflower,72,1.0,74.03330218791962,2.793507218360901
KAN,43,sunflower,76,1.0,73.10537362098694,3.097642660140991
KAN,43,sunflower,80,1.0,80.34840147835868,1.3278029305594308
KAN,43,sunflower,84,1.0,68.69770228862762,15.302297711372375
KAN,43,sunflower,88,1.0,84.06730052828789,6.596381992101669
KAN,43,sunflower,92,1.0,93.73519811034203,1.7930993735790253
KAN,43,sunflower,96,1.0,91.03831866383553,4.9616813361644745
KAN,43,sunflower,100,1.0,93.86480642767513,6.135193572324865
KAN,44,peanut,4,0.1875,15.030102252960205,11.030102252960205
KAN,44,peanut,8,1.0,15.06589937210083,7.06589937210083
KAN,44,peanut,12,0.6875,21.100062370300293,9.100062370300293
KAN,44,peanut,16,1.0,16.891989707946777,2.1307601928710938
KAN,44,peanut,20,1.0,23.558144092559814,3.5886940956115723
KAN,44,peanut,24,1.0,27.80060338973999,3.978771686553955
KAN,44,peanut,28,1.0,27.97164487838745,3.0414233207702637
KAN,44,peanut,32,1.0,36.164783239364624,4.599827527999878
KAN,44,peanut,36,1.0,31.61348557472229,4.815082788467407
KAN,44,peanut,40,1.0,38.82563257217407,1.5203614234924316
KAN,44,peanut,44,1.0,37.09498453140259,6.905015468597412
KAN,44,peanut,48,1.0,50.73488640785217,3.6051390171051025
KAN,44,peanut,52,1.0,47.19927740097046,5.122912883758545
KAN,44,peanut,56,1.0,55.10076594352722,1.598231554031372
KAN,44,peanut,60,1.0,56.01233434677124,3.9876656532287598
KAN,44,peanut,64,1.0,63.73492790670956,1.5612959020278032
KAN,44,peanut,68,1.0,65.85846197605133,2.55821430683136
KAN,44,peanut,72,1.0,63.309605717659,8.90431034564972
KAN,44,peanut,76,1.0,72.53940069675446,3.6280218362808228
KAN,44,peanut,80,1.0,81.30486166477203,2.582260489463806
KAN,44,peanut,84,1.0,88.4603500366211,4.691202402114868
KAN,44,peanut,88,1.0,91.50251811742783,3.502518117427826
KAN,44,peanut,92,1.0,88.34803450107574,3.6519654989242554
KAN,44,peanut,96,1.0,82.41374933719635,13.58625066280365
KAN,44,peanut,100,1.0,83.32798492908478,16.672015070915222
KAN,44,sunflower,4,0.9375,8.907541275024414,4.907541275024414
KAN,44,sunflower,8,1.0,13.09116268157959,5.09116268157959
KAN,44,sunflower,12,0.0,14.83851826985677,3.932475789388021
KAN,44,sunflower,16,0.25,22.81329870223999,6.81329870223999
KAN,44,sunflower,20,0.75,31.340799808502197,11.340799808502197
KAN,44,sunflower,24,1.0,13.068359851837158,10.931640148162842
KAN,44,sunflower,28,1.0,24.80870294570923,4.15774393081665
KAN,44,sunflower,32,1.0,27.92766809463501,4.121849536895752
KAN,44,sunflower,36,1.0,24.589426040649414,11.410573959350586
KAN,44,sunflower,40,1.0,40.21181061688591,1.805421043844784
KAN,44,sunflower,44,1.0,40.696688175201416,3.3446269035339355
KAN,44,sunflower,48,1.0,51.12086629867554,3.538806438446045
KAN,44,sunflower,52,1.0,49.74619793891907,4.422596216201782
KAN,44,sunflower,56,1.0,51.30656313896179,4.7677295207977295
KAN,44,sunflower,60,1.0,64.48771464824677,4.535878539085388
KAN,44,sunflower,64,1.0,65.72228765487671,4.289734840393066
KAN,44,sunflower,68,1.0,64.48339533805847,3.5166046619415283
KAN,44,sunflower,72,1.0,76.50594139099121,4.75321888923645
KAN,44,sunflower,76,1.0,77.4200769662857,2.1507333517074585
KAN,44,sunflower,80,1.0,80.62318917683193,1.560600893838065
KAN,44,sunflower,84,1.0,82.24239999055862,2.6081650853157043
KAN,44,sunflower,88,1.0,87.02624893188477,3.7660725116729736
KAN,44,sunflower,92,1.0,90.78012937307358,1.296204388141632
KAN,44,sunflower,96,1.0,91.62400886416435,4.375991135835648
KAN,44,sunflower,100,1.0,78.68721053179573,21.312789468204272
