dataset,arm,n_params,cv_R2_mean,cv_R2_sd,ext_R2_mean,ext_R2_sd
mango (accuracy KAN),KAN,8996,0.8501657889461608,0.008507605716721463,0.8618493996389266,0.01095350773815556
mango (accuracy KAN),MLP-matched-1L,8989,0.863140134924294,0.007606559403652755,0.8904159448597889,0.007454376870489168
mango (accuracy KAN),MLP-matched-2L,8965,0.8646431274609417,0.004866879187462999,0.8866824782680337,0.005285001773000016
mango (compact KAN),KAN,820,0.841031770788363,0.0017089116459967106,0.8286821213947305,0.017193397401197512
mango (compact KAN),MLP-matched-1L,817,0.8656571987922298,0.0034160688524706973,0.874280396907617,0.008170717383178398
mango (compact KAN),MLP-matched-2L,809,0.8602218590541639,0.002450323340046913,0.856997775153185,0.016812168174503976
tahini,KAN,684,0.9686408096880301,0.006652758374156832,0.9834786040350303,0.006884258643611232
tahini,MLP-matched-1L,689,0.9860636699326549,0.0030910680581692227,0.9919427472750889,0.001945665471191188
tahini,MLP-matched-2L,705,0.980987269644266,0.0021084724343558843,0.9843719683831704,0.0037121428239894646
