architecture,harness,threads,seed,repeat,R2,updates
KAN,published,2,42,1,0.9868780552987652,300
KAN,published,2,42,2,0.9868780552987652,300
KAN,published,2,42,3,0.9868780253194285,300
KAN,published,2,7,1,0.9755558373627436,300
KAN,published,2,2024,1,0.988001952186008,300
KAN,published,4,42,1,0.9868780253194285,300
KAN,published,4,42,2,0.9868780552987652,300
KAN,published,4,42,3,0.9868780552987652,300
KAN,published,4,7,1,0.9755558373627436,300
KAN,published,4,2024,1,0.988001952186008,300
KAN,convergence,2,42,1,0.9897207863380539,1700
KAN,convergence,2,42,2,0.9897207863380539,1700
KAN,convergence,2,42,3,0.9897207863380539,1700
KAN,convergence,2,7,1,0.9894848302735108,3200
KAN,convergence,2,2024,1,0.9753853617545649,1700
KAN,convergence,4,42,1,0.9897207863380539,1700
KAN,convergence,4,42,2,0.9897207863380539,1700
KAN,convergence,4,42,3,0.9897934775523405,1700
KAN,convergence,4,7,1,0.99112006348244,3200
KAN,convergence,4,2024,1,0.9753853617545649,1700
MLP,published,2,42,1,0.9872504506774873,3600
MLP,published,2,42,2,0.9872504506774873,3600
MLP,published,2,42,3,0.9872504506774873,3600
MLP,published,2,7,1,0.9895698629170167,3600
MLP,published,2,2024,1,0.985809434263052,3600
MLP,published,4,42,1,0.9872504506774873,3600
MLP,published,4,42,2,0.9872504506774873,3600
MLP,published,4,42,3,0.9872504506774873,3600
MLP,published,4,7,1,0.9895698629170167,3600
MLP,published,4,2024,1,0.985809434263052,3600
MLP,convergence,2,42,1,0.9874418321353808,1200
MLP,convergence,2,42,2,0.9874418321353808,1200
MLP,convergence,2,42,3,0.9874418321353808,1200
MLP,convergence,2,7,1,0.9855979949190823,1600
MLP,convergence,2,2024,1,0.9874213394189192,3500
MLP,convergence,4,42,1,0.9874418321353808,1200
MLP,convergence,4,42,2,0.9874418321353808,1200
MLP,convergence,4,42,3,0.9874418321353808,1200
MLP,convergence,4,7,1,0.9855979949190823,1600
MLP,convergence,4,2024,1,0.9874213394189192,3500
