dataset,representation,route,folds,n,net_mean,net_min,eq_mean,eq_min,fidelity_mean,fidelity_min,terms,equation_minus_network
mango,PLS scores,B-spline + corrected conversion,4,12,0.8069125988468109,0.7443468329603405,0.8178004369031772,0.7495819254238638,0.9436887005964915,0.9046735167503357,17.0,0.010887838056366284
mango,PLS scores,OLS on the same inputs,4,4,0.8172705641273423,0.7734626461605353,0.8172705641273423,0.7734626461605353,1.0,1.0,13.0,0.0
mango,PLS scores,elementary basis (cheby),4,12,0.8132780787237398,0.7242231662345084,0.8133879147041623,0.7250358637326086,0.9999942110194588,0.9999891889681081,42.5,0.000109835980422468
mango,selected bands,B-spline + corrected conversion,4,12,0.7316658482705395,0.6598340783663887,0.7319098262188226,0.6789480989003331,0.9025726914405823,0.7712843418121338,15.0,0.00024397794828312502
mango,selected bands,OLS on the same inputs,4,4,0.7571710961047139,0.70407738702331,0.7571710961047139,0.70407738702331,1.0,1.0,9.0,0.0
mango,selected bands,elementary basis (poly),4,12,0.7633856033874574,0.7211362209819087,0.763397573605518,0.723858551169295,0.999958466596079,0.9997978867131294,32.0,1.1970218060541882e-05
tahini,PLS scores,B-spline + corrected conversion,5,15,0.9474880801654332,0.8516963817963906,0.9465972164043722,0.8252451982896347,0.9541310667991638,0.6383908987045288,15.5,-0.000890863761060956
tahini,PLS scores,OLS on the same inputs,5,5,0.9386895405945497,0.8369764826412245,0.9386895405945497,0.8369764826412245,1.0,1.0,9.0,0.0
tahini,PLS scores,elementary basis (cheby),5,15,0.912171088505504,0.7039021549949538,0.9120813854642423,0.7046712755454914,0.9999941364787736,0.9999882027733257,28.0,-8.970304126165729e-05
tahini,selected bands,B-spline + corrected conversion,5,15,0.961585091681451,0.8737054157726412,0.9314384969074593,0.6945800105492772,0.9357509652773539,0.6742615699768066,17.0,-0.03014659477399173
tahini,selected bands,OLS on the same inputs,5,5,0.924412244547786,0.8647003798924335,0.924412244547786,0.8647003798924335,1.0,1.0,9.0,0.0
tahini,selected bands,elementary basis (poly),5,15,0.961814715286492,0.898125426609179,0.9621951852597752,0.8991459352093352,0.9999915270631198,0.9999661661094542,31.0,0.0003804699732832262
