family,model_a,model_b,n_boot,LOD_a,LOD_b,diff,diff_mean,diff_lo,diff_hi,p_raw,p_holm,significant_005
F4 out-of-fold detection limit (tahini),PLS,SVM,2000,8.929457801905828,21.592255960249734,-12.662798158343906,-12.85890447158358,-16.410722757645217,-9.550144542022144,0.0005,0.0075,True
F4 out-of-fold detection limit (tahini),PLS,RF,2000,8.929457801905828,13.110597063200345,-4.181139261294517,-4.420945122649746,-9.78332191150178,1.3471718230077356,0.135,0.81,False
F4 out-of-fold detection limit (tahini),PLS,MLP,2000,8.929457801905828,10.321892465502934,-1.3924346635971059,-0.9036019619751989,-4.636343860629805,2.8261214257360625,0.6359999999999999,1.0,False
F4 out-of-fold detection limit (tahini),PLS,CNN,2000,8.929457801905828,14.880686063296869,-5.951228261391041,-5.987724098071296,-9.926511822996462,-1.9231716989232415,0.014999999999999902,0.14999999999999902,False
F4 out-of-fold detection limit (tahini),PLS,KAN,2000,8.929457801905828,14.270334642184396,-5.340876840278568,-4.721095715582431,-8.584758870053216,-0.027721950739187796,0.050000000000000044,0.40000000000000036,False
F4 out-of-fold detection limit (tahini),SVM,RF,2000,21.592255960249734,13.110597063200345,8.481658897049389,8.437959348933838,2.309919455016613,14.818067083453334,0.002,0.022,True
F4 out-of-fold detection limit (tahini),SVM,MLP,2000,21.592255960249734,10.321892465502934,11.2703634947468,11.955302509608382,10.53776456853744,14.676125282384291,0.0005,0.0075,True
F4 out-of-fold detection limit (tahini),SVM,CNN,2000,21.592255960249734,14.880686063296869,6.711569896952865,6.871180373512285,3.5630319997493687,12.926738414703442,0.0005,0.0075,True
F4 out-of-fold detection limit (tahini),SVM,KAN,2000,21.592255960249734,14.270334642184396,7.321921318065337,8.137808756001151,5.428180967934881,14.376090851163147,0.0005,0.0075,True
F4 out-of-fold detection limit (tahini),RF,MLP,2000,13.110597063200345,10.321892465502934,2.7887045976974107,3.5173431606745464,-3.4520361912956687,10.35121550229651,0.334,1.0,False
F4 out-of-fold detection limit (tahini),RF,CNN,2000,13.110597063200345,14.880686063296869,-1.7700890000965241,-1.5667789754215509,-8.774690515929802,7.474729000942416,0.6779999999999999,1.0,False
F4 out-of-fold detection limit (tahini),RF,KAN,2000,13.110597063200345,14.270334642184396,-1.1597375789840516,-0.3001505929326854,-8.312951569978637,6.616578526582545,0.9239999999999999,1.0,False
F4 out-of-fold detection limit (tahini),MLP,CNN,2000,10.321892465502934,14.880686063296869,-4.558793597793935,-5.084122136096097,-8.7377847002214,-1.0466459579120073,0.014999999999999902,0.14999999999999902,False
F4 out-of-fold detection limit (tahini),MLP,KAN,2000,10.321892465502934,14.270334642184396,-3.9484421766814624,-3.817493753607232,-6.2121374400723814,0.6273995371594904,0.05400000000000005,0.40000000000000036,False
F4 out-of-fold detection limit (tahini),CNN,KAN,2000,14.880686063296869,14.270334642184396,0.6103514211124725,1.2666283824888656,-2.428000777308981,7.008049534838735,0.484,1.0,False
